{"cameraMode":{"drawMode":0,"name":"Shaded","section":"Shading Mode"},"sceneLighting":false,"audioPlay":false,"sceneViewState":{"m_AlwaysRefresh":false,"showFog":true,"showSkybox":false,"showFlares":true,"showImageEffects":true,"showParticleSystems":true,"showVisualEffectGraphs":true,"m_FxEnabled":true},"in2DMode":false,"pivot":{"x":0.25503650307655337,"y":0.5689730644226074,"z":-0.13066232204437257},"rotation":{"x":0.05911025032401085,"y":0.9340115785598755,"z":-0.3017675578594208,"w":0.18213917315006257},"size":1.299038052558899,"orthographic":false}