{"cameraMode":{"drawMode":0,"name":"Shaded","section":"Shading Mode"},"sceneLighting":false,"audioPlay":false,"sceneViewState":{"m_AlwaysRefresh":false,"showFog":true,"showSkybox":false,"showFlares":true,"showImageEffects":true,"showParticleSystems":true,"showVisualEffectGraphs":true,"m_FxEnabled":true},"in2DMode":false,"pivot":{"x":-0.4514819085597992,"y":0.2887282371520996,"z":-0.039475347846746448},"rotation":{"x":-0.17453646659851075,"y":0.04282679781317711,"z":-0.008143440820276738,"w":-0.9837208390235901},"size":0.5173554420471191,"orthographic":false}